Workbook

Sheet Zone RPH 1
D1: Feuille de calcul - Contrôle de la planéité de la zone règle-phares selon SR/V/042 - C
A3: Nom du centre: | J3: N° de piste:
A4: Adresse: | J4: N° de série:
A5: Code postal: | C5: Ville: | J5: Date du contrôle : | L5: =TODAY() -> 46043
A7: ZONE DE ROULAGE GAUCHE | I7: ZONE DE ROULAGE DROITE
A8: Position | B8: Inclinaison gauche (%) | C8: Inclinaison centre (%) | D8: Inclinaison droite (%) | E8: Tolérance (%) | F8: Déviation mini (%) | G8: Déviation maxi (%) | H8: Erreur maxi (%) | I8: Position | J8: Inclinaison gauche (%) | K8: Inclinaison centre (%) | L8: Inclinaison droite (%) | M8: Tolérance (%) | N8: Déviation mini (%) | O8: Déviation maxi (%) | P8: Erreur maxi (%)
A9: 3 | B9: -0.0015 | C9: -0.0008 | D9: -0.0015 | E9: 0.004 | F9: =MIN(B9:D11) -> -0.0018 | G9: =MAX(B9:D11) -> 0.0007 | H9: =G9-F9 -> 0.0025 | I9: 3 | J9: 0.0002 | K9: 0.0006 | L9: 0.0015 | M9: 0.004 | N9: =MIN(J9:L11) -> -0.0006 | O9: =MAX(J9:L11) -> 0.0015 | P9: =O9-N9 -> 0.0021
A10: 2 | B10: -0.0015 | C10: 0.0007 | D10: -0.0005 | I10: 2 | J10: 0.0003 | K10: 0.0012 | L10: 0,19*%
A11: 1 | B11: -0.0018 | C11: 0 | D11: -0.0012 | I11: 1 | J11: -0.0006 | K11: 0.0002 | L11: 0.001
A12: Dans le cas d'installation avec rails, remplir uniquement la position 1.
A14: ZONE DE DEPLACEMENT REGLE-PHARES | G14: Sanction zone
A15: Déviation mini | C15: =MIN(B9:D11,J9:L11) -> -0.0018 | D15: Erreur de planéité maxi zone de roulage | F15: =C16-C15 -> 0.0033 | G15: =IF(OR(B11="",C11="",D11="",J11="",K11="",L11=""),"",IF(AND(H9<=0.4%,P9<=0.4%,F15<=0.4%),"CONFORME","NON CONFORME")) -> CONFORME
A16: Déviation maxi | C16: =MAX(B9:D11,J9:L11) -> 0.0015
A18: Cas avec rails sans inclinomètre : | I18: Cas sans rails sans inclinomètre :

Sheet Zone RPH 2
D1: Feuille de calcul - Contrôle de la planéité de la zone règle-phares selon SR/V/042 -C
A3: Nom du centre: | B3: ='Zone RPH 1'!B3 -> 0 | J3: N° de piste:
A4: Adresse: | B4: ='Zone RPH 1'!B4 -> 0 | J4: N° de série: | K4: ='Zone RPH 1'!K4 -> 0
A5: Code postal: | B5: ='Zone RPH 1'!B5 -> 0 | C5: Ville: | D5: ='Zone RPH 1'!D5:F5 -> 0 | J5: Date du contrôle : | L5: =TODAY() -> 46043
A7: ZONE DE ROULAGE GAUCHE | I7: ZONE DE ROULAGE DROITE
A8: Position | B8: Inclinaison gauche (%) | C8: Inclinaison centre (%) | D8: Inclinaison droite (%) | E8: Tolérance (%) | F8: Déviation mini (%) | G8: Déviation maxi (%) | H8: Erreur maxi (%) | I8: Position | J8: Inclinaison gauche (%) | K8: Inclinaison centre (%) | L8: Inclinaison droite (%) | M8: Tolérance (%) | N8: Déviation mini (%) | O8: Déviation maxi (%) | P8: Erreur maxi (%)
A9: 3 | E9: 0.004 | F9: =MIN(B9:D11) -> 0 | G9: =MAX(B9:D11) -> 0 | H9: =G9-F9 -> 0 | I9: 3 | M9: 0.004 | N9: =MIN(J9:L11) -> 0 | O9: =MAX(J9:L11) -> 0 | P9: =O9-N9 -> 0
A10: 2 | I10: 2
A11: 1 | I11: 1
A12: Dans le cas d'installation avec rails, remplir uniquement la position 1.
A14: ZONE DE DEPLACEMENT REGLE-PHARES | G14: Sanction zone
A15: Déviation mini | C15: =MIN(B9:D11,J9:L11) -> 0 | D15: Erreur de planéité maxi zone de roulage | F15: =C16-C15 -> 0 | G15: =IF(OR(B11="",C11="",D11="",J11="",K11="",L11=""),"",IF(AND(H9<=0.4%,P9<=0.4%,F15<=0.4%),"CONFORME","NON CONFORME"))
A16: Déviation maxi | C16: =MAX(B9:D11,J9:L11) -> 0
A18: Cas avec rails sans inclinomètre : | I18: Cas sans rails sans inclinomètre :

Sheet Validation RPH bi-piste
D1: Feuille de validation de la zone règle-phares bi-piste selon SR/V/042 - C
A3: Nom du centre: | B3: ='Zone RPH 1'!B3 -> 0 | G3: N° de série: | H3: ='Zone RPH 1'!K4 -> 0
A4: Adresse: | B4: ='Zone RPH 1'!B4 -> 0
A5: Code postal: | B5: ='Zone RPH 1'!B5 -> 0 | C5: Ville: | D5: ='Zone RPH 1'!D5 -> 0
A7: Erreur de planéité maxi zone de roulage 1: | D7: ='Zone RPH 1'!F15 -> 0.0033
A8: Erreur de planéité maxi zone de roulage 2: | D8: ='Zone RPH 2'!F15 -> 0
A10: Différence erreur zone 1 et 2: | D10: =D7-D8 -> 0.0033 | F10: Ecart maxi = +/- 0,10%
A11: Sanction | D11: =IF(AND(ROUND(D10,4)<=0.1%,ROUND(D10,4)>=-0.1%),"Conforme","Non conforme") -> Non conforme

Sheet Zone VL 1
D1: Feuille de calcul de la pente moyenne zone véhicule VL selon SR/V/042 - C
A3: Nom du centre: | B3: Muller | J3: N° de piste: | K3: 1
A4: Adresse: | B4: 8 Rue Réaumur | J4: N° de série: | K4: xxxx
A5: Code postal: | B5: 28000 | C5: Ville: | D5: Chartres | J5: Date du contrôle : | L5: =TODAY() -> 46043
A7: BANDE DE ROULEMENT GAUCHE | G7: BANDE DE ROULEMENT DROITE
A8: Point de référence | B8: Distance (mm) | C8: Hauteur (mm) | D8: Erreur (mm) | E8: Tolérance (mm) | F8: Ecart maxi (mm) | G8: Point de référence | H8: Distance (mm) | I8: Hauteur (mm) | J8: Erreur (mm) | K8: Tolérance (mm) | L8: Ecart maxi (mm)
A9: AVG1 | B9: 1200 | C9: 620 | D9: =IF(C9="","",ABS(C9-(C$15*B9+C$16))) -> 0.66256525 | E9: 7 | F9: =MAX(D9:D12) -> 6.5141685 | G9: AVD1 | H9: 1200 | I9: 640 | J9: =IF(I9="","",ABS(I9-(I$15*H9+I$16))) -> 0.99179717 | K9: 7 | L9: =MAX(J9:J12) -> 2.1812081 | N9: =IF(OR(C9>1300,AND(LEN(C9)<>3,$K$15="NON CONFORME")),"FAUX","") | O9: =IF(OR(I9>1300,AND(LEN(I9)<>3,$K$15="NON CONFORME")),"FAUX","")
A10: ARG1 | B10: 3200 | C10: 615 | D10: =IF(C10="","",ABS(C10-(C$15*B10+C$16))) -> 3.5447427 | E10: 7 | G10: ARD1 | H10: 3200 | I10: 630 | J10: =IF(I10="","",ABS(I10-(I$15*H10+I$16))) -> 0.089485459 | K10: 7 | N10: =IF(OR(C10>1300,AND(LEN(C10)<>3,$K$15="NON CONFORME")),"FAUX","") | O10: =IF(OR(I10>1300,AND(LEN(I10)<>3,$K$15="NON CONFORME")),"FAUX","")
A11: ARG2 | B11: 3800 | C11: 608 | D11: =IF(C11="","",ABS(C11-(C$15*B11+C$16))) -> 1.090604 | E11: 7 | G11: ARD2 | H11: 3800 | I11: 625 | J11: =IF(I11="","",ABS(I11-(I$15*H11+I$16))) -> 2.1812081 | K11: 7 | N11: =IF(OR(C11>1300,AND(LEN(C11)<>3,$K$15="NON CONFORME")),"FAUX","") | O11: =IF(OR(I11>1300,AND(LEN(I11)<>3,$K$15="NON CONFORME")),"FAUX","")
A12: ARG3 | B12: 4200 | C12: 601 | D12: =IF(C12="","",ABS(C12-(C$15*B12+C$16))) -> 6.5141685 | E12: 7 | G12: ARD3 | H12: 4200 | I12: 625 | J12: =IF(I12="","",ABS(I12-(I$15*H12+I$16))) -> 0.3616704 | K12: 7 | N12: =IF(OR(C12>1300,AND(LEN(C12)<>3,$K$15="NON CONFORME")),"FAUX","") | O12: =IF(OR(I12>1300,AND(LEN(I12)<>3,$K$15="NON CONFORME")),"FAUX","")
A13: ARG4 | B13: 5700 | C13: 605 | D13: =IF(C13="","",ABS(C13-(C$15*B13+C$16))) -> 3.3974646 | E13: 12 | F13: =MAX(D13:D13) -> 3.3974646 | G13: ARD4 | H13: 5700 | I13: 620 | J13: =IF(I13="","",ABS(I13-(I$15*H13+I$16))) -> 1.4615958 | K13: 12 | L13: =MAX(J13:J13) -> 1.4615958 | N13: =IF(OR(C13>1300,AND(LEN(C13)<>3,$K$15="NON CONFORME")),"FAUX","") | O13: =IF(OR(I13>1300,AND(LEN(I13)<>3,$K$15="NON CONFORME")),"FAUX","")
A15: Pente Gauche | C15: =SLOPE(C9:C13,B9:B13) -> -0.0039410887 | D15: Pente moyenne de la zone véhicule | F15: =(C15+I15)/2 -> -0.0042449664 | G15: Pente Droite | I15: =SLOPE(I9:I13,H9:H13) -> -0.0045488441 | J15: Sanction zone | K15: =IF(OR(C9="",C10="",C11="",C12="",I9="",I10="",I11="",I12=""),"",IF(OR(F9>E9,F13>E13,L9>K9,L13>K13),"NON CONFORME","CONFORME")) -> CONFORME
A16: Origine gauche | C16: =INTERCEPT(C9:C13,B9:B13) -> 624.06674 | G16: Origine droite | I16: =INTERCEPT(I9:I13,H9:H13) -> 644.46682 | K16: =IF(OR(N9<>"",N10<>"",N11<>"",N12<>"",N13<>"",O9<>"",O10<>"",O11<>"",O12<>"",O13<>""),"Problème unités?","")

Sheet Zone VL 2
D1: Feuille de calcul de la pente moyenne zone véhicule VL selon SR/V/042 - C
A3: Nom du centre: | B3: TSM | J3: N° de piste: | K3: 2
A4: Adresse: | B4: ZA lde Novillers les Cailloux | J4: N° de série:
A5: Code postal: | B5: 60730 | C5: Ville: | D5: SAINTE GENEVIEVE | J5: Date du contrôle : | L5: =TODAY() -> 46043
A7: BANDE DE ROULEMENT GAUCHE | G7: BANDE DE ROULEMENT DROITE
A8: Point de référence | B8: Distance (mm) | C8: Hauteur (mm) | D8: Erreur (mm) | E8: Tolérance (mm) | F8: Ecart maxi (mm) | G8: Point de référence | H8: Distance (mm) | I8: Hauteur (mm) | J8: Erreur (mm) | K8: Tolérance (mm) | L8: Ecart maxi (mm)
A9: AVG1 | B9: 1200 | C9: 719 | D9: =IF(C9="","",ABS(C9-(C$15*B9+C$16))) -> 2.8659582 | E9: 7 | F9: =MAX(D9:D9) -> 2.8659582 | G9: AVD1 | H9: 1200 | I9: 718 | J9: =IF(I9="","",ABS(I9-(I$15*H9+I$16))) -> 1.4013796 | K9: 7 | L9: =MAX(J9:J9) -> 1.4013796 | N9: =IF(OR(C9>1300,AND(LEN(C9)<>3,$K$15="NON CONFORME")),"FAUX","") | O9: =IF(OR(I9>1300,AND(LEN(I9)<>3,$K$15="NON CONFORME")),"FAUX","")
A10: ARG1 | B10: 3200 | C10: 710 | D10: =IF(C10="","",ABS(C10-(C$15*B10+C$16))) -> 3.3786353 | E10: 7 | G10: ARD1 | H10: 3200 | I10: 716 | J10: =IF(I10="","",ABS(I10-(I$15*H10+I$16))) -> 1.053132 | K10: 7 | N10: =IF(OR(C10>1300,AND(LEN(C10)<>3,$K$15="NON CONFORME")),"FAUX","") | O10: =IF(OR(I10>1300,AND(LEN(I10)<>3,$K$15="NON CONFORME")),"FAUX","")
A11: ARG2 | B11: 3800 | C11: 711 | D11: =IF(C11="","",ABS(C11-(C$15*B11+C$16))) -> 1.5520134 | E11: 7 | G11: ARD2 | H11: 3800 | I11: 713 | J11: =IF(I11="","",ABS(I11-(I$15*H11+I$16))) -> 1.4513423 | K11: 7 | N11: =IF(OR(C11>1300,AND(LEN(C11)<>3,$K$15="NON CONFORME")),"FAUX","") | O11: =IF(OR(I11>1300,AND(LEN(I11)<>3,$K$15="NON CONFORME")),"FAUX","")
A12: ARG3 | B12: 4200 | C12: 711 | D12: =IF(C12="","",ABS(C12-(C$15*B12+C$16))) -> 1.0009321 | E12: 7 | G12: ARD3 | H12: 4200 | I12: 710 | J12: =IF(I12="","",ABS(I12-(I$15*H12+I$16))) -> 4.1209918 | K12: 7 | N12: =IF(OR(C12>1300,AND(LEN(C12)<>3,$K$15="NON CONFORME")),"FAUX","") | O12: =IF(OR(I12>1300,AND(LEN(I12)<>3,$K$15="NON CONFORME")),"FAUX","")
A13: ARG4 | B13: 5700 | C13: 713 | D13: =IF(C13="","",ABS(C13-(C$15*B13+C$16))) -> 3.0656227 | E13: 12 | F13: =MAX(D10:D13) -> 3.3786353 | G13: ARD4 | H13: 5700 | I13: 716 | J13: =IF(I13="","",ABS(I13-(I$15*H13+I$16))) -> 3.1178225 | K13: 12 | L13: =MAX(J10:J13) -> 4.1209918 | N13: =IF(OR(C13>1300,AND(LEN(C13)<>3,$K$15="NON CONFORME")),"FAUX","") | O13: =IF(OR(I13>1300,AND(LEN(I13)<>3,$K$15="NON CONFORME")),"FAUX","")
A15: Pente Gauche | C15: =SLOPE(C9:C13,B9:B13) -> -0.0013777032 | D15: Pente moyenne de la zone véhicule | F15: =(C15+I15)/2 -> -0.0011017897 | G15: Pente Droite | I15: =SLOPE(I9:I13,H9:H13) -> -0.00082587621 | J15: Sanction zone | K15: =IF(OR(C9="",C10="",C11="",C12="",I9="",I10="",I11="",I12=""),"",IF(OR(F9>E9,F13>E13,L9>K9,L13>K13),"NON CONFORME","CONFORME")) -> CONFORME
A16: Origine gauche | C16: =INTERCEPT(C9:C13,B9:B13) -> 717.78729 | G16: Origine droite | I16: =INTERCEPT(I9:I13,H9:H13) -> 717.58967 | K16: =IF(OR(N9<>"",N10<>"",N11<>"",N12<>"",N13<>"",O9<>"",O10<>"",O11<>"",O12<>"",O13<>""),"Problème unités?","")

Sheet Validation zone VL bi-piste
D1: Feuille de validation de la pente moyenne de la zone véhicule VL bi-piste selon SR/V/042 - C
A4: Nom du centre: | B4: ='Zone VL 1'!B3 -> Muller | G4: N° de série: | H4: ='Zone VL 1'!K4 -> xxxx
A5: Adresse: | B5: ='Zone VL 1'!B4 -> 8 Rue Réaumur
A6: Code postal: | B6: ='Zone VL 1'!B5 -> 28000 | C6: Ville: | D6: ='Zone VL 1'!D5 -> Chartres
A8: Pente moyenne de la zone véhicule 1: | D8: ='Zone VL 1'!F15 -> -0.0042449664
A9: Pente moyenne de la zone véhicule 2: | D9: ='Zone VL 2'!F15 -> -0.0011017897
A11: Pente moyenne de la double zone : | D11: =AVERAGE(D8,D9) -> -0.0026733781
A13: Différence pente zone 1 et 2: | D13: =D8-D9 -> -0.0031431767 | F13: Ecart maxi = +/- 0,10%
A14: Sanction | D14: =IF(AND(ROUND(D13,4)<=0.1%,ROUND(D13,4)>=-0.1%),"Conforme","Non conforme") -> Non conforme

Sheet Zone PL 1
D1: Feuille de calcul de la pente moyenne zone véhicule PL selon SR/V/042 - C
A3: Nom du centre: | J3: N° de piste:
A4: Adresse: | J4: N° de série:
A5: Code postal: | C5: Ville: | J5: Date du contrôle : | L5: =TODAY() -> 46043
A7: BANDE DE ROULEMENT GAUCHE | G7: BANDE DE ROULEMENT DROITE
A8: Point de référence | B8: Distance (mm) | C8: Hauteur (mm) | D8: Erreur (mm) | E8: Tolérance (mm) | F8: Ecart maxi (mm) | G8: Point de référence | H8: Distance (mm) | I8: Hauteur (mm) | J8: Erreur (mm) | K8: Tolérance (mm) | L8: Ecart maxi (mm)
A9: AVG1 | B9: 1800 | D9: =IF(C9="","",ABS(C9-(C$18*B9+C$19))) | E9: 7 | F9: =MAX(D9:D10) -> 0 | G9: AVD1 | H9: 1800 | J9: =IF(I9="","",ABS(I9-(I$18*H9+I$19))) | K9: 7 | L9: =MAX(J9:J10) -> 0 | N9: =IF(OR(C9>1300,AND(LEN(C9)<>3,$K$15="NON CONFORME")),"FAUX","") | O9: =IF(OR(I9>1300,AND(LEN(I9)<>3,$K$15="NON CONFORME")),"FAUX","")
A10: AVG2 | B10: 2600 | D10: =IF(C10="","",ABS(C10-(C$18*B10+C$19))) | E10: 7 | G10: AVD2 | H10: 2600 | J10: =IF(I10="","",ABS(I10-(I$18*H10+I$19))) | K10: 7 | N10: =IF(OR(C10>1300,AND(LEN(C10)<>3,$K$15="NON CONFORME")),"FAUX","") | O10: =IF(OR(I10>1300,AND(LEN(I10)<>3,$K$15="NON CONFORME")),"FAUX","")
A11: ARG1 | B11: 5000 | D11: =IF(C11="","",ABS(C11-(C$18*B11+C$19))) | E11: 12 | F11: =MAX(D11:D16) -> 0 | G11: ARD1 | H11: 5000 | J11: =IF(I11="","",ABS(I11-(I$18*H11+I$19))) | K11: 12 | L11: =MAX(J11:J16) -> 0 | N11: =IF(OR(C11>1300,AND(LEN(C11)<>3,$K$15="NON CONFORME")),"FAUX","") | O11: =IF(OR(I11>1300,AND(LEN(I11)<>3,$K$15="NON CONFORME")),"FAUX","")
A12: ARG2 | B12: 6000 | D12: =IF(C12="","",ABS(C12-(C$18*B12+C$19))) | E12: 12 | G12: ARD2 | H12: 6000 | J12: =IF(I12="","",ABS(I12-(I$18*H12+I$19))) | K12: 12 | N12: =IF(OR(C12>1300,AND(LEN(C12)<>3,$K$15="NON CONFORME")),"FAUX","") | O12: =IF(OR(I12>1300,AND(LEN(I12)<>3,$K$15="NON CONFORME")),"FAUX","")
A13: ARG3 | B13: 7000 | D13: =IF(C13="","",ABS(C13-(C$18*B13+C$19))) | E13: 12 | G13: ARD3 | H13: 7000 | J13: =IF(I13="","",ABS(I13-(I$18*H13+I$19))) | K13: 12 | N13: =IF(OR(C13>1300,AND(LEN(C13)<>3,$K$15="NON CONFORME")),"FAUX","") | O13: =IF(OR(I13>1300,AND(LEN(I13)<>3,$K$15="NON CONFORME")),"FAUX","")
A14: ARG4 | B14: 8000 | D14: =IF(C14="","",ABS(C14-(C$18*B14+C$19))) | E14: 12 | G14: ARD4 | H14: 8000 | J14: =IF(I14="","",ABS(I14-(I$18*H14+I$19))) | K14: 12 | N14: =IF(OR(C14>1300,AND(LEN(C14)<>3,$K$15="NON CONFORME")),"FAUX","") | O14: =IF(OR(I14>1300,AND(LEN(I14)<>3,$K$15="NON CONFORME")),"FAUX","")
A15: ARG5 | B15: 9000 | D15: =IF(C15="","",ABS(C15-(C$18*B15+C$19))) | E15: 12 | G15: ARD5 | H15: 9000 | J15: =IF(I15="","",ABS(I15-(I$18*H15+I$19))) | K15: 12 | N15: =IF(OR(C15>1300,AND(LEN(C15)<>3,$K$15="NON CONFORME")),"FAUX","") | O15: =IF(OR(I15>1300,AND(LEN(I15)<>3,$K$15="NON CONFORME")),"FAUX","")
A16: ARG6 | B16: 10000 | D16: =IF(C16="","",ABS(C16-(C$18*B16+C$19))) | E16: 12 | G16: ARD6 | H16: 10000 | J16: =IF(I16="","",ABS(I16-(I$18*H16+I$19))) | K16: 12 | N16: =IF(OR(C16>1300,AND(LEN(C16)<>3,$K$15="NON CONFORME")),"FAUX","") | O16: =IF(OR(I16>1300,AND(LEN(I16)<>3,$K$15="NON CONFORME")),"FAUX","")
A18: Pente Gauche | C18: =SLOPE(C9:C16,B9:B16) -> #DIV/0! | D18: Pente moyenne de la zone véhicule | F18: =(C18+I18)/2 -> #DIV/0! | G18: Pente Droite | I18: =SLOPE(I9:I16,H9:H16) -> #DIV/0! | J18: Sanction zone | K18: =IF(OR(C9="",C10="",C11="",C12="",C13="",C14="",I9="",I10="",I11="",I12="",I13="",I14=""),"",IF(OR(F9>E9,F11>E11,L9>K9,L11>K11),"NON CONFORME","CONFORME"))
A19: Origine gauche | C19: =INTERCEPT(C9:C16,B9:B16) -> #DIV/0! | G19: Origine droite | I19: =INTERCEPT(I9:I16,H9:H16) -> #DIV/0! | K19: =IF(OR(N9<>"",N10<>"",N11<>"",N12<>"",N13<>"",N14<>"",N15<>"",N16<>"",O9<>"",O10<>"",O11<>"",O12<>"",O13<>"",O14<>"",O15<>"",O16<>""),"Problème unités?","")

Sheet Zone PL 2
D1: Feuille de calcul de la pente moyenne zone véhicule PL selon SR/V/042 - C
A3: Nom du centre: | J3: N° de piste:
A4: Adresse: | J4: N° de série:
A5: Code postal: | C5: Ville: | J5: Date du contrôle : | L5: =TODAY() -> 46043
A7: BANDE DE ROULEMENT GAUCHE | G7: BANDE DE ROULEMENT DROITE
A8: Point de référence | B8: Distance (mm) | C8: Hauteur (mm) | D8: Erreur (mm) | E8: Tolérance (mm) | F8: Ecart maxi (mm) | G8: Point de référence | H8: Distance (mm) | I8: Hauteur (mm) | J8: Erreur (mm) | K8: Tolérance (mm) | L8: Ecart maxi (mm)
A9: AVG1 | B9: 1800 | D9: =IF(C9="","",ABS(C9-(C$18*B9+C$19))) | E9: 7 | F9: =MAX(D9:D10) -> 0 | G9: AVD1 | H9: 1800 | J9: =IF(I9="","",ABS(I9-(I$18*H9+I$19))) | K9: 7 | L9: =MAX(J9:J10) -> 0 | N9: =IF(OR(C9>1300,AND(LEN(C9)<>3,$K$15="NON CONFORME")),"FAUX","") | O9: =IF(OR(I9>1300,AND(LEN(I9)<>3,$K$15="NON CONFORME")),"FAUX","")
A10: AVG2 | B10: 2600 | D10: =IF(C10="","",ABS(C10-(C$18*B10+C$19))) | E10: 7 | G10: AVD2 | H10: 2600 | J10: =IF(I10="","",ABS(I10-(I$18*H10+I$19))) | K10: 7 | N10: =IF(OR(C10>1300,AND(LEN(C10)<>3,$K$15="NON CONFORME")),"FAUX","") | O10: =IF(OR(I10>1300,AND(LEN(I10)<>3,$K$15="NON CONFORME")),"FAUX","")
A11: ARG1 | B11: 5000 | D11: =IF(C11="","",ABS(C11-(C$18*B11+C$19))) | E11: 12 | F11: =MAX(D11:D16) -> 0 | G11: ARD1 | H11: 5000 | J11: =IF(I11="","",ABS(I11-(I$18*H11+I$19))) | K11: 12 | L11: =MAX(J11:J16) -> 0 | N11: =IF(OR(C11>1300,AND(LEN(C11)<>3,$K$15="NON CONFORME")),"FAUX","") | O11: =IF(OR(I11>1300,AND(LEN(I11)<>3,$K$15="NON CONFORME")),"FAUX","")
A12: ARG2 | B12: 6000 | D12: =IF(C12="","",ABS(C12-(C$18*B12+C$19))) | E12: 12 | G12: ARD2 | H12: 6000 | J12: =IF(I12="","",ABS(I12-(I$18*H12+I$19))) | K12: 12 | N12: =IF(OR(C12>1300,AND(LEN(C12)<>3,$K$15="NON CONFORME")),"FAUX","") | O12: =IF(OR(I12>1300,AND(LEN(I12)<>3,$K$15="NON CONFORME")),"FAUX","")
A13: ARG3 | B13: 7000 | D13: =IF(C13="","",ABS(C13-(C$18*B13+C$19))) | E13: 12 | G13: ARD3 | H13: 7000 | J13: =IF(I13="","",ABS(I13-(I$18*H13+I$19))) | K13: 12 | N13: =IF(OR(C13>1300,AND(LEN(C13)<>3,$K$15="NON CONFORME")),"FAUX","") | O13: =IF(OR(I13>1300,AND(LEN(I13)<>3,$K$15="NON CONFORME")),"FAUX","")
A14: ARG4 | B14: 8000 | D14: =IF(C14="","",ABS(C14-(C$18*B14+C$19))) | E14: 12 | G14: ARD4 | H14: 8000 | J14: =IF(I14="","",ABS(I14-(I$18*H14+I$19))) | K14: 12 | N14: =IF(OR(C14>1300,AND(LEN(C14)<>3,$K$15="NON CONFORME")),"FAUX","") | O14: =IF(OR(I14>1300,AND(LEN(I14)<>3,$K$15="NON CONFORME")),"FAUX","")
A15: ARG5 | B15: 9000 | D15: =IF(C15="","",ABS(C15-(C$18*B15+C$19))) | E15: 12 | G15: ARD5 | H15: 9000 | J15: =IF(I15="","",ABS(I15-(I$18*H15+I$19))) | K15: 12 | N15: =IF(OR(C15>1300,AND(LEN(C15)<>3,$K$15="NON CONFORME")),"FAUX","") | O15: =IF(OR(I15>1300,AND(LEN(I15)<>3,$K$15="NON CONFORME")),"FAUX","")
A16: ARG6 | B16: 10000 | D16: =IF(C16="","",ABS(C16-(C$18*B16+C$19))) | E16: 12 | G16: ARD6 | H16: 10000 | J16: =IF(I16="","",ABS(I16-(I$18*H16+I$19))) | K16: 12 | N16: =IF(OR(C16>1300,AND(LEN(C16)<>3,$K$15="NON CONFORME")),"FAUX","") | O16: =IF(OR(I16>1300,AND(LEN(I16)<>3,$K$15="NON CONFORME")),"FAUX","")
A18: Pente Gauche | C18: =SLOPE(C9:C16,B9:B16) -> #DIV/0! | D18: Pente moyenne de la zone véhicule | F18: =(C18+I18)/2 -> #DIV/0! | G18: Pente Droite | I18: =SLOPE(I9:I16,H9:H16) -> #DIV/0! | J18: Sanction zone | K18: =IF(OR(C9="",C10="",C11="",C12="",C13="",C14="",I9="",I10="",I11="",I12="",I13="",I14=""),"",IF(OR(F9>E9,F11>E11,L9>K9,L11>K11),"NON CONFORME","CONFORME"))
A19: Origine gauche | C19: =INTERCEPT(C9:C16,B9:B16) -> #DIV/0! | G19: Origine droite | I19: =INTERCEPT(I9:I16,H9:H16) -> #DIV/0! | K19: =IF(OR(N9<>"",N10<>"",N11<>"",N12<>"",N13<>"",N14<>"",N15<>"",N16<>"",O9<>"",O10<>"",O11<>"",O12<>"",O13<>"",O14<>"",O15<>"",O16<>""),"Problème unités?","")

Sheet Validation zone PL bi-piste
D1: Feuille de validation de la pente moyenne de la zone véhicule PL bi-piste selon SR/V/042 - C
A3: Nom du centre: | B3: ='Zone PL 1'!B3 -> 0 | G3: N° de série: | H3: ='Zone PL 1'!K4 -> 0
A4: Adresse: | B4: ='Zone PL 1'!B4 -> 0
A5: Code postal: | B5: ='Zone PL 1'!B5 -> 0 | C5: Ville: | D5: ='Zone PL 1'!D5 -> 0
A7: Pente moyenne de la zone véhicule 1: | D7: ='Zone PL 1'!F18 -> #DIV/0!
A8: Pente moyenne de la zone véhicule 2: | D8: ='Zone PL 2'!F18 -> #DIV/0!
A10: Pente moyenne de la double piste: | D10: =AVERAGE(D7,D8) -> #DIV/0!
A12: Différence pente zone 1 et 2: | D12: =D7-D8 -> #DIV/0! | F12: Ecart maxi = +/- 0,10%
A13: Sanction | D13: =IF(AND(ROUND(D12,4)<=0.1%,ROUND(D12,4)>=-0.1%),"Conforme","Non conforme") -> #DIV/0!
